{
    "p1": [
        1.9366612434387207,
        -3.053391933441162,
        -3.0622968673706055,
        0.30975770950317383,
        2.032531261444092
    ],
    "p2": [
        1.9366612434387207,
        -3.053391933441162,
        -3.0622968673706055,
        0.30975770950317383
    ]
}